id,timestamp,food_type,tomato_id,position,blue,green,yellow,orange,red,nir,ndvi,gndvi,rvi,freshness_score,category,confidence_fresh,confidence_aging,confidence_spoiling,model_version,input_source
1,2026-07-15T13:49:07.405351,tomato,10001,1,50.0,57.0,63.0,80.0,62.0,94.0,0.205128,0.245033,1.516129,0.0,Fresh,0.662,0.0639,0.2741,v1.1,manual
2,2026-07-15T13:49:20.301916,tomato,10001,1,50.0,57.0,63.0,80.0,240.5,94.0,-0.437967,0.245033,0.390852,0.0,Spoiling,0.007,0.0167,0.9763,v1.1,manual
3,2026-07-15T13:49:25.793775,tomato,10001,1,50.0,57.0,63.0,80.0,138.5,94.0,-0.191398,0.245033,0.6787,0.0,Spoiling,0.008,0.0247,0.9673,v1.1,manual
4,2026-07-15T13:49:30.718798,tomato,10001,1,50.0,57.0,63.0,80.0,92.0,94.0,0.010753,0.245033,1.021739,0.0,Spoiling,0.0124,0.0521,0.9355,v1.1,manual
5,2026-07-15T13:49:35.016727,tomato,10001,1,50.0,57.0,63.0,80.0,51.5,94.0,0.292096,0.245033,1.825243,0.0,Fresh,0.6765,0.0742,0.2492,v1.1,manual
6,2026-07-15T13:49:40.162631,tomato,10001,1,50.0,57.0,63.0,80.0,59.0,94.0,0.228758,0.245033,1.59322,0.0,Fresh,0.6674,0.0723,0.2603,v1.1,manual
7,2026-07-15T13:50:33.352482,tomato,1002,1,55.0,60.0,65.0,70.0,35.0,120.0,0.548387,0.333333,3.428571,0.0,Aging,0.2044,0.5487,0.2469,v1.1,manual
8,2026-07-15T13:50:33.387462,tomato,1002,2,56.0,61.0,66.0,69.0,37.0,118.0,0.522581,0.318436,3.189189,0.0,Aging,0.3109,0.456,0.2331,v1.1,manual
9,2026-07-15T13:50:33.417986,tomato,1002,3,57.0,62.0,67.0,68.0,39.0,116.0,0.496774,0.303371,2.974359,0.0,Fresh,0.4367,0.3591,0.2042,v1.1,manual
10,2026-07-15T13:50:33.451950,tomato,1002,4,58.0,63.0,68.0,67.0,41.0,114.0,0.470968,0.288136,2.780488,0.0,Fresh,0.7407,0.1357,0.1236,v1.1,manual
11,2026-07-15T13:50:33.484273,tomato,1002,5,59.0,64.0,69.0,66.0,43.0,112.0,0.445161,0.272727,2.604651,0.0,Fresh,0.7353,0.131,0.1337,v1.1,manual
12,2026-07-15T13:50:33.514828,tomato,1002,6,60.0,65.0,70.0,65.0,45.0,110.0,0.419355,0.257143,2.444444,0.0,Fresh,0.7304,0.129,0.1406,v1.1,manual
13,2026-07-15T13:50:33.543955,tomato,1002,7,61.0,66.0,71.0,64.0,47.0,108.0,0.393548,0.241379,2.297872,0.0,Fresh,0.7359,0.1006,0.1635,v1.1,manual
14,2026-07-15T13:50:33.573714,tomato,1002,8,62.0,67.0,72.0,63.0,49.0,106.0,0.367742,0.225434,2.163265,0.0,Fresh,0.7125,0.0881,0.1994,v1.1,manual
15,2026-07-15T13:50:33.603640,tomato,1002,9,63.0,68.0,73.0,62.0,51.0,104.0,0.341935,0.209302,2.039216,0.0,Fresh,0.7324,0.0888,0.1788,v1.1,manual
16,2026-07-15T13:50:33.631529,tomato,1002,10,64.0,69.0,74.0,61.0,53.0,102.0,0.316129,0.192982,1.924528,0.0,Fresh,0.7518,0.0886,0.1597,v1.1,manual
17,2026-07-15T13:51:06.071187,tomato,1002,1,55.0,60.0,65.0,70.0,35.0,120.0,0.548387,0.333333,3.428571,0.0,Aging,0.2044,0.5487,0.2469,v1.1,manual
18,2026-07-15T13:51:06.105271,tomato,1002,2,56.0,61.0,66.0,69.0,37.0,118.0,0.522581,0.318436,3.189189,0.0,Aging,0.3109,0.456,0.2331,v1.1,manual
19,2026-07-15T13:51:06.138728,tomato,1002,3,57.0,62.0,67.0,68.0,39.0,116.0,0.496774,0.303371,2.974359,0.0,Fresh,0.4367,0.3591,0.2042,v1.1,manual
20,2026-07-15T13:51:06.171120,tomato,1002,4,58.0,63.0,68.0,67.0,41.0,114.0,0.470968,0.288136,2.780488,0.0,Fresh,0.7407,0.1357,0.1236,v1.1,manual
21,2026-07-15T13:51:06.202542,tomato,1002,5,59.0,64.0,69.0,66.0,43.0,112.0,0.445161,0.272727,2.604651,0.0,Fresh,0.7353,0.131,0.1337,v1.1,manual
22,2026-07-15T13:51:06.230403,tomato,1002,6,60.0,65.0,70.0,65.0,45.0,110.0,0.419355,0.257143,2.444444,0.0,Fresh,0.7304,0.129,0.1406,v1.1,manual
23,2026-07-15T13:51:06.268080,tomato,1002,7,61.0,66.0,71.0,64.0,47.0,108.0,0.393548,0.241379,2.297872,0.0,Fresh,0.7359,0.1006,0.1635,v1.1,manual
24,2026-07-15T13:51:06.305689,tomato,1002,8,62.0,67.0,72.0,63.0,49.0,106.0,0.367742,0.225434,2.163265,0.0,Fresh,0.7125,0.0881,0.1994,v1.1,manual
25,2026-07-15T13:51:06.337930,tomato,1002,9,63.0,68.0,73.0,62.0,51.0,104.0,0.341935,0.209302,2.039216,0.0,Fresh,0.7324,0.0888,0.1788,v1.1,manual
26,2026-07-15T13:51:06.374658,tomato,1002,10,64.0,69.0,74.0,61.0,53.0,102.0,0.316129,0.192982,1.924528,0.0,Fresh,0.7518,0.0886,0.1597,v1.1,manual
27,2026-07-15T14:30:44.947387,tomato,10001,1,50.0,57.0,63.0,80.0,62.0,94.0,0.205128,0.245033,1.516129,0.0,Fresh,0.662,0.0639,0.2741,v1.1,manual
28,2026-07-15T14:30:49.169751,tomato,10001,1,50.0,57.0,63.0,80.0,62.0,54.0,-0.068966,-0.027027,0.870968,0.0,Spoiling,0.4368,0.0213,0.5418,v1.1,manual
29,2026-07-15T14:30:52.628613,tomato,10001,1,50.0,57.0,63.0,80.0,62.0,110.5,0.281159,0.319403,1.782258,0.0,Fresh,0.6791,0.0967,0.2242,v1.1,manual
30,2026-07-15T14:30:55.719878,tomato,10001,1,50.0,57.0,63.0,80.0,62.0,257.5,0.611894,0.63752,4.153226,0.0,Aging,0.0665,0.8326,0.1009,v1.1,manual
31,2026-07-15T14:31:03.640894,tomato,10001,1,50.0,57.0,63.0,44.0,103.5,257.5,0.426593,0.63752,2.487923,0.0,Aging,0.0329,0.5887,0.3784,v1.1,manual
32,2026-07-15T14:31:05.527586,tomato,10001,1,50.0,57.0,63.0,44.0,103.5,257.5,0.426593,0.63752,2.487923,0.0,Aging,0.0329,0.5887,0.3784,v1.1,manual
33,2026-07-15T14:31:52.100232,tomato,1002,1,55.0,60.0,65.0,70.0,35.0,120.0,0.548387,0.333333,3.428571,0.0,Aging,0.2044,0.5487,0.2469,v1.1,manual
34,2026-07-15T14:31:52.128395,tomato,1002,2,56.0,61.0,66.0,69.0,37.0,118.0,0.522581,0.318436,3.189189,0.0,Aging,0.3109,0.456,0.2331,v1.1,manual
35,2026-07-15T14:31:52.160563,tomato,1002,3,57.0,62.0,67.0,68.0,39.0,116.0,0.496774,0.303371,2.974359,0.0,Fresh,0.4367,0.3591,0.2042,v1.1,manual
36,2026-07-15T14:31:52.191250,tomato,1002,4,58.0,63.0,68.0,67.0,41.0,114.0,0.470968,0.288136,2.780488,0.0,Fresh,0.7407,0.1357,0.1236,v1.1,manual
37,2026-07-15T14:31:52.223454,tomato,1002,5,59.0,64.0,69.0,66.0,43.0,112.0,0.445161,0.272727,2.604651,0.0,Fresh,0.7353,0.131,0.1337,v1.1,manual
38,2026-07-15T14:31:52.254095,tomato,1002,6,60.0,65.0,70.0,65.0,45.0,110.0,0.419355,0.257143,2.444444,0.0,Fresh,0.7304,0.129,0.1406,v1.1,manual
39,2026-07-15T14:31:52.284174,tomato,1002,7,61.0,66.0,71.0,64.0,47.0,108.0,0.393548,0.241379,2.297872,0.0,Fresh,0.7359,0.1006,0.1635,v1.1,manual
40,2026-07-15T14:31:52.314451,tomato,1002,8,62.0,67.0,72.0,63.0,49.0,106.0,0.367742,0.225434,2.163265,0.0,Fresh,0.7125,0.0881,0.1994,v1.1,manual
41,2026-07-15T14:31:52.344703,tomato,1002,9,63.0,68.0,73.0,62.0,51.0,104.0,0.341935,0.209302,2.039216,0.0,Fresh,0.7324,0.0888,0.1788,v1.1,manual
42,2026-07-15T14:31:52.376958,tomato,1002,10,64.0,69.0,74.0,61.0,53.0,102.0,0.316129,0.192982,1.924528,0.0,Fresh,0.7518,0.0886,0.1597,v1.1,manual
43,2026-07-15T14:31:55.195691,tomato,1002,1,55.0,60.0,65.0,70.0,35.0,120.0,0.548387,0.333333,3.428571,0.0,Aging,0.2044,0.5487,0.2469,v1.1,manual
44,2026-07-15T14:31:55.278550,tomato,1002,2,56.0,61.0,66.0,69.0,37.0,118.0,0.522581,0.318436,3.189189,0.0,Aging,0.3109,0.456,0.2331,v1.1,manual
45,2026-07-15T14:31:55.317790,tomato,1002,3,57.0,62.0,67.0,68.0,39.0,116.0,0.496774,0.303371,2.974359,0.0,Fresh,0.4367,0.3591,0.2042,v1.1,manual
46,2026-07-15T14:31:55.352618,tomato,1002,4,58.0,63.0,68.0,67.0,41.0,114.0,0.470968,0.288136,2.780488,0.0,Fresh,0.7407,0.1357,0.1236,v1.1,manual
47,2026-07-15T14:31:55.383654,tomato,1002,5,59.0,64.0,69.0,66.0,43.0,112.0,0.445161,0.272727,2.604651,0.0,Fresh,0.7353,0.131,0.1337,v1.1,manual
48,2026-07-15T14:31:55.414034,tomato,1002,6,60.0,65.0,70.0,65.0,45.0,110.0,0.419355,0.257143,2.444444,0.0,Fresh,0.7304,0.129,0.1406,v1.1,manual
49,2026-07-15T14:31:55.446941,tomato,1002,7,61.0,66.0,71.0,64.0,47.0,108.0,0.393548,0.241379,2.297872,0.0,Fresh,0.7359,0.1006,0.1635,v1.1,manual
50,2026-07-15T14:31:55.477883,tomato,1002,8,62.0,67.0,72.0,63.0,49.0,106.0,0.367742,0.225434,2.163265,0.0,Fresh,0.7125,0.0881,0.1994,v1.1,manual
51,2026-07-15T14:31:55.506696,tomato,1002,9,63.0,68.0,73.0,62.0,51.0,104.0,0.341935,0.209302,2.039216,0.0,Fresh,0.7324,0.0888,0.1788,v1.1,manual
52,2026-07-15T14:31:55.535039,tomato,1002,10,64.0,69.0,74.0,61.0,53.0,102.0,0.316129,0.192982,1.924528,0.0,Fresh,0.7518,0.0886,0.1597,v1.1,manual
53,2026-07-25T06:37:48.118945,tomato,10001,1,50.0,57.0,63.0,80.0,62.0,94.0,0.205128,0.245033,1.516129,0.0,Fresh,0.662,0.0639,0.2741,v1.1,manual
54,2026-07-25T06:37:56.747696,tomato,10001,1,50.0,57.0,63.0,80.0,107.5,94.0,-0.066998,0.245033,0.874419,0.0,Spoiling,0.0093,0.0287,0.9619,v1.1,manual
55,2026-07-25T06:38:01.158311,tomato,10001,1,50.0,57.0,63.0,80.0,107.5,33.0,-0.530249,-0.266667,0.306977,0.0,Spoiling,0.0071,0.0181,0.9748,v1.1,manual
56,2026-07-25T06:38:05.391667,tomato,10001,1,50.0,57.0,63.0,80.0,25.0,163.5,0.734748,0.482993,6.54,1.0172,Aging,0.3637,0.4194,0.2169,v1.1,manual
57,2026-07-25T06:38:13.446080,tomato,10001,1,50.0,57.0,63.0,80.0,52.5,83.0,0.225092,0.185714,1.580952,0.0,Fresh,0.6826,0.0625,0.2548,v1.1,manual
58,2026-07-25T08:03:46.089911,tomato,10001,1,50.0,57.0,63.0,80.0,62.0,94.0,0.205128,0.245033,1.516129,0.0,Fresh,0.662,0.0639,0.2741,v1.1,manual
59,2026-07-25T08:30:22.398622,tomato,1002,1,55.0,60.0,65.0,70.0,35.0,120.0,0.548387,0.333333,3.428571,0.0,Aging,0.2044,0.5487,0.2469,v1.1,manual
60,2026-07-25T08:30:22.431239,tomato,1002,2,56.0,61.0,66.0,69.0,37.0,118.0,0.522581,0.318436,3.189189,0.0,Aging,0.3109,0.456,0.2331,v1.1,manual
61,2026-07-25T08:30:22.460011,tomato,1002,3,57.0,62.0,67.0,68.0,39.0,116.0,0.496774,0.303371,2.974359,0.0,Fresh,0.4367,0.3591,0.2042,v1.1,manual
62,2026-07-25T08:30:22.491763,tomato,1002,4,58.0,63.0,68.0,67.0,41.0,114.0,0.470968,0.288136,2.780488,0.0,Fresh,0.7407,0.1357,0.1236,v1.1,manual
63,2026-07-25T08:30:22.518930,tomato,1002,5,59.0,64.0,69.0,66.0,43.0,112.0,0.445161,0.272727,2.604651,0.0,Fresh,0.7353,0.131,0.1337,v1.1,manual
64,2026-07-25T08:30:22.549654,tomato,1002,6,60.0,65.0,70.0,65.0,45.0,110.0,0.419355,0.257143,2.444444,0.0,Fresh,0.7304,0.129,0.1406,v1.1,manual
65,2026-07-25T08:30:22.579765,tomato,1002,7,61.0,66.0,71.0,64.0,47.0,108.0,0.393548,0.241379,2.297872,0.0,Fresh,0.7359,0.1006,0.1635,v1.1,manual
66,2026-07-25T08:30:22.609352,tomato,1002,8,62.0,67.0,72.0,63.0,49.0,106.0,0.367742,0.225434,2.163265,0.0,Fresh,0.7125,0.0881,0.1994,v1.1,manual
67,2026-07-25T08:30:22.635972,tomato,1002,9,63.0,68.0,73.0,62.0,51.0,104.0,0.341935,0.209302,2.039216,0.0,Fresh,0.7324,0.0888,0.1788,v1.1,manual
68,2026-07-25T08:30:22.668050,tomato,1002,10,64.0,69.0,74.0,61.0,53.0,102.0,0.316129,0.192982,1.924528,0.0,Fresh,0.7518,0.0886,0.1597,v1.1,manual
69,2026-07-25T08:30:27.573744,tomato,1002,1,55.0,60.0,65.0,70.0,35.0,120.0,0.548387,0.333333,3.428571,0.0,Aging,0.2044,0.5487,0.2469,v1.1,manual
70,2026-07-25T08:30:27.606036,tomato,1002,2,56.0,61.0,66.0,69.0,37.0,118.0,0.522581,0.318436,3.189189,0.0,Aging,0.3109,0.456,0.2331,v1.1,manual
71,2026-07-25T08:30:27.637905,tomato,1002,3,57.0,62.0,67.0,68.0,39.0,116.0,0.496774,0.303371,2.974359,0.0,Fresh,0.4367,0.3591,0.2042,v1.1,manual
72,2026-07-25T08:30:27.671672,tomato,1002,4,58.0,63.0,68.0,67.0,41.0,114.0,0.470968,0.288136,2.780488,0.0,Fresh,0.7407,0.1357,0.1236,v1.1,manual
73,2026-07-25T08:30:27.702599,tomato,1002,5,59.0,64.0,69.0,66.0,43.0,112.0,0.445161,0.272727,2.604651,0.0,Fresh,0.7353,0.131,0.1337,v1.1,manual
74,2026-07-25T08:30:27.728064,tomato,1002,6,60.0,65.0,70.0,65.0,45.0,110.0,0.419355,0.257143,2.444444,0.0,Fresh,0.7304,0.129,0.1406,v1.1,manual
75,2026-07-25T08:30:27.758063,tomato,1002,7,61.0,66.0,71.0,64.0,47.0,108.0,0.393548,0.241379,2.297872,0.0,Fresh,0.7359,0.1006,0.1635,v1.1,manual
76,2026-07-25T08:30:27.787984,tomato,1002,8,62.0,67.0,72.0,63.0,49.0,106.0,0.367742,0.225434,2.163265,0.0,Fresh,0.7125,0.0881,0.1994,v1.1,manual
77,2026-07-25T08:30:27.814571,tomato,1002,9,63.0,68.0,73.0,62.0,51.0,104.0,0.341935,0.209302,2.039216,0.0,Fresh,0.7324,0.0888,0.1788,v1.1,manual
78,2026-07-25T08:30:27.845005,tomato,1002,10,64.0,69.0,74.0,61.0,53.0,102.0,0.316129,0.192982,1.924528,0.0,Fresh,0.7518,0.0886,0.1597,v1.1,manual
79,2026-07-25T08:30:32.706867,tomato,10001,1,50.0,57.0,63.0,80.0,62.0,94.0,0.205128,0.245033,1.516129,0.0,Fresh,0.662,0.0639,0.2741,v1.1,manual
80,2026-07-25T08:30:45.454912,tomato,1002,1,55.0,60.0,65.0,70.0,35.0,120.0,0.548387,0.333333,3.428571,0.0,Aging,0.2044,0.5487,0.2469,v1.1,manual
81,2026-07-25T08:30:45.487334,tomato,1002,2,56.0,61.0,66.0,69.0,37.0,118.0,0.522581,0.318436,3.189189,0.0,Aging,0.3109,0.456,0.2331,v1.1,manual
82,2026-07-25T08:30:45.518434,tomato,1002,3,57.0,62.0,67.0,68.0,39.0,116.0,0.496774,0.303371,2.974359,0.0,Fresh,0.4367,0.3591,0.2042,v1.1,manual
83,2026-07-25T08:30:45.550550,tomato,1002,4,58.0,63.0,68.0,67.0,41.0,114.0,0.470968,0.288136,2.780488,0.0,Fresh,0.7407,0.1357,0.1236,v1.1,manual
84,2026-07-25T08:30:45.581487,tomato,1002,5,59.0,64.0,69.0,66.0,43.0,112.0,0.445161,0.272727,2.604651,0.0,Fresh,0.7353,0.131,0.1337,v1.1,manual
85,2026-07-25T08:30:45.611341,tomato,1002,6,60.0,65.0,70.0,65.0,45.0,110.0,0.419355,0.257143,2.444444,0.0,Fresh,0.7304,0.129,0.1406,v1.1,manual
86,2026-07-25T08:30:45.640102,tomato,1002,7,61.0,66.0,71.0,64.0,47.0,108.0,0.393548,0.241379,2.297872,0.0,Fresh,0.7359,0.1006,0.1635,v1.1,manual
87,2026-07-25T08:30:45.670706,tomato,1002,8,62.0,67.0,72.0,63.0,49.0,106.0,0.367742,0.225434,2.163265,0.0,Fresh,0.7125,0.0881,0.1994,v1.1,manual
88,2026-07-25T08:30:45.698775,tomato,1002,9,63.0,68.0,73.0,62.0,51.0,104.0,0.341935,0.209302,2.039216,0.0,Fresh,0.7324,0.0888,0.1788,v1.1,manual
89,2026-07-25T08:30:45.724566,tomato,1002,10,64.0,69.0,74.0,61.0,53.0,102.0,0.316129,0.192982,1.924528,0.0,Fresh,0.7518,0.0886,0.1597,v1.1,manual
90,2026-07-29T07:09:34.976843,tomato,10002,1,50.0,57.0,63.0,80.0,62.0,94.0,0.205128,0.245033,1.516129,0.0,Fresh,0.662,0.0639,0.2741,v1.1,manual
91,2026-07-29T07:09:38.863109,tomato,10003,1,50.0,79.5,63.0,80.0,62.0,94.0,0.205128,0.083573,1.516129,0.0,Fresh,0.6632,0.0634,0.2734,v1.1,manual
92,2026-07-29T07:09:41.992590,tomato,10004,1,50.0,79.5,63.0,80.0,86.0,94.0,0.044444,0.083573,1.093023,0.0,Spoiling,0.0181,0.0962,0.8857,v1.1,manual
93,2026-07-29T07:28:48.768127,tomato,10001,1,62.0,71.0,79.0,45.0,18.0,132.0,0.76,0.3,7.3333,0.30630001425743103,Fresh,0.7282999753952026,0.2223999947309494,0.049300000071525574,v1.1,csv_upload
94,2026-07-29T07:28:48.789664,tomato,10002,1,60.0,69.0,77.0,52.0,25.0,120.0,0.6552,0.2697,4.8,0.0,Fresh,0.48980000615119934,0.44290000200271606,0.06729999929666519,v1.1,csv_upload
95,2026-07-29T07:28:48.813325,tomato,10003,1,56.0,63.0,71.0,67.0,42.0,101.0,0.4126,0.2317,2.4048,0.0,Fresh,0.7365999817848206,0.1306000053882599,0.13279999792575836,v1.1,csv_upload
96,2026-07-29T07:28:48.838795,tomato,10004,1,52.0,58.0,65.0,76.0,55.0,90.0,0.2414,0.2155,1.6364,0.0,Fresh,0.6851000189781189,0.06930000334978104,0.24570000171661377,v1.1,csv_upload
97,2026-07-29T07:28:48.858281,tomato,10005,1,47.0,51.0,58.0,92.0,78.0,84.0,0.037,0.2444,1.0769,0.0,Spoiling,0.018400000408291817,0.0560000017285347,0.9257000088691711,v1.1,csv_upload
98,2026-07-29T07:28:48.881970,tomato,10006,1,43.0,48.0,54.0,103.0,95.0,82.0,-0.0734,0.2615,0.8632,0.0,Spoiling,0.010499999858438969,0.039400000125169754,0.9501000046730042,v1.1,csv_upload
99,2026-07-29T07:28:48.899510,tomato,10007,1,40.0,45.0,50.0,112.0,110.0,80.0,-0.1579,0.28,0.7273,0.0,Spoiling,0.008299999870359898,0.019099999219179153,0.9726999998092651,v1.1,csv_upload
100,2026-07-29T07:28:48.921361,tomato,10008,1,55.0,60.0,67.0,70.0,35.0,115.0,0.5333,0.3143,3.2857,0.0,Aging,0.2084999978542328,0.5277000069618225,0.2637999951839447,v1.1,csv_upload
101,2026-07-29T07:28:48.938355,tomato,10009,1,48.0,54.0,60.0,88.0,70.0,88.0,0.1143,0.2394,1.2571,0.0,Spoiling,0.40529999136924744,0.03579999879002571,0.558899998664856,v1.1,csv_upload
102,2026-07-29T07:28:48.962852,tomato,10010,1,61.0,70.0,78.0,48.0,20.0,128.0,0.7297,0.2925,6.4,0.0,Fresh,0.7050999999046326,0.23749999701976776,0.05739999935030937,v1.1,csv_upload
103,2026-07-29T07:28:48.981454,tomato,10011,1,64.0,73.0,82.0,42.0,16.0,138.0,0.7922,0.3077,8.625,2.937000036239624,Fresh,0.7980999946594238,0.16120000183582306,0.040800001472234726,v1.1,csv_upload
104,2026-07-29T07:28:48.997775,tomato,10012,1,58.0,64.0,70.0,63.0,40.0,104.0,0.4444,0.2381,2.6,0.0,Fresh,0.739300012588501,0.13580000400543213,0.12489999830722809,v1.1,csv_upload
105,2026-07-29T07:28:49.024893,tomato,10013,1,45.0,49.0,55.0,98.0,88.0,83.0,-0.0292,0.2576,0.9432,0.0,Spoiling,0.010400000028312206,0.03610000014305115,0.953499972820282,v1.1,csv_upload
106,2026-07-29T07:28:49.043563,tomato,10014,1,50.0,57.0,63.0,80.0,62.0,94.0,0.2051,0.245,1.5161,0.0,Fresh,0.6620000004768372,0.06390000134706497,0.27410000562667847,v1.1,csv_upload
107,2026-07-29T07:28:49.061657,tomato,10015,1,59.0,67.0,75.0,58.0,30.0,118.0,0.5946,0.2759,3.9333,0.0,Aging,0.3100000023841858,0.5285000205039978,0.1615000069141388,v1.1,csv_upload
108,2026-07-29T07:44:10.299286,tomato,10016,1,50.0,57.0,63.0,80.0,34.5,65.0,0.306533,0.065574,1.884058,0.0,Fresh,0.6811,0.0693,0.2497,v1.1,manual
109,2026-07-29T11:33:50.141482,tomato,10017,1,50.0,57.0,63.0,80.0,62.0,94.0,0.205128,0.245033,1.516129,0.0,Fresh,0.662,0.0639,0.2741,v1.1,manual
110,2026-07-29T11:33:56.074227,tomato,10018,1,50.0,57.0,63.0,80.0,99.0,94.0,-0.025907,0.245033,0.949495,0.0,Spoiling,0.0107,0.039,0.9502,v1.1,manual
111,2026-07-29T11:33:59.235479,tomato,10019,1,50.0,57.0,63.0,80.0,99.0,60.5,-0.241379,0.029787,0.611111,0.0,Spoiling,0.0074,0.0212,0.9714,v1.1,manual
112,2026-07-29T11:34:02.085483,tomato,10020,1,50.0,57.0,63.0,80.0,58.5,60.5,0.016807,0.029787,1.034188,0.0,Fresh,0.4925,0.0331,0.4745,v1.1,manual
113,2026-07-29T11:34:23.319200,tomato,10001,1,62.0,71.0,79.0,45.0,18.0,132.0,0.76,0.3,7.3333,0.30630001425743103,Fresh,0.7282999753952026,0.2223999947309494,0.049300000071525574,v1.1,csv_upload
114,2026-07-29T11:34:23.340287,tomato,10002,1,60.0,69.0,77.0,52.0,25.0,120.0,0.6552,0.2697,4.8,0.0,Fresh,0.48980000615119934,0.44290000200271606,0.06729999929666519,v1.1,csv_upload
115,2026-07-29T11:34:23.363945,tomato,10003,1,56.0,63.0,71.0,67.0,42.0,101.0,0.4126,0.2317,2.4048,0.0,Fresh,0.7365999817848206,0.1306000053882599,0.13279999792575836,v1.1,csv_upload
116,2026-07-29T11:34:23.384819,tomato,10004,1,52.0,58.0,65.0,76.0,55.0,90.0,0.2414,0.2155,1.6364,0.0,Fresh,0.6851000189781189,0.06930000334978104,0.24570000171661377,v1.1,csv_upload
117,2026-07-29T11:34:23.405831,tomato,10005,1,47.0,51.0,58.0,92.0,78.0,84.0,0.037,0.2444,1.0769,0.0,Spoiling,0.018400000408291817,0.0560000017285347,0.9257000088691711,v1.1,csv_upload
118,2026-07-29T11:34:23.428927,tomato,10006,1,43.0,48.0,54.0,103.0,95.0,82.0,-0.0734,0.2615,0.8632,0.0,Spoiling,0.010499999858438969,0.039400000125169754,0.9501000046730042,v1.1,csv_upload
119,2026-07-29T11:34:23.435535,tomato,10007,1,40.0,45.0,50.0,112.0,110.0,80.0,-0.1579,0.28,0.7273,0.0,Spoiling,0.008299999870359898,0.019099999219179153,0.9726999998092651,v1.1,csv_upload
120,2026-07-29T11:34:23.469615,tomato,10008,1,55.0,60.0,67.0,70.0,35.0,115.0,0.5333,0.3143,3.2857,0.0,Aging,0.2084999978542328,0.5277000069618225,0.2637999951839447,v1.1,csv_upload
121,2026-07-29T11:34:23.491222,tomato,10009,1,48.0,54.0,60.0,88.0,70.0,88.0,0.1143,0.2394,1.2571,0.0,Spoiling,0.40529999136924744,0.03579999879002571,0.558899998664856,v1.1,csv_upload
122,2026-07-29T11:34:23.511218,tomato,10010,1,61.0,70.0,78.0,48.0,20.0,128.0,0.7297,0.2925,6.4,0.0,Fresh,0.7050999999046326,0.23749999701976776,0.05739999935030937,v1.1,csv_upload
123,2026-07-29T11:34:23.531430,tomato,10011,1,64.0,73.0,82.0,42.0,16.0,138.0,0.7922,0.3077,8.625,2.937000036239624,Fresh,0.7980999946594238,0.16120000183582306,0.040800001472234726,v1.1,csv_upload
124,2026-07-29T11:34:23.552354,tomato,10012,1,58.0,64.0,70.0,63.0,40.0,104.0,0.4444,0.2381,2.6,0.0,Fresh,0.739300012588501,0.13580000400543213,0.12489999830722809,v1.1,csv_upload
125,2026-07-29T11:34:23.568365,tomato,10013,1,45.0,49.0,55.0,98.0,88.0,83.0,-0.0292,0.2576,0.9432,0.0,Spoiling,0.010400000028312206,0.03610000014305115,0.953499972820282,v1.1,csv_upload
126,2026-07-29T11:34:23.593907,tomato,10014,1,50.0,57.0,63.0,80.0,62.0,94.0,0.2051,0.245,1.5161,0.0,Fresh,0.6620000004768372,0.06390000134706497,0.27410000562667847,v1.1,csv_upload
127,2026-07-29T11:34:23.614547,tomato,10015,1,59.0,67.0,75.0,58.0,30.0,118.0,0.5946,0.2759,3.9333,0.0,Aging,0.3100000023841858,0.5285000205039978,0.1615000069141388,v1.1,csv_upload
128,2026-08-26T08:51:33.485533,tomato,10021,1,97.0,57.0,63.0,80.0,62.0,94.0,0.205128,0.245033,1.516129,24.6472,Fresh,0.691,0.0822,0.2268,v1.1,manual
129,2026-08-26T11:06:13.913604,tomato,10022,,2.0,6.0,0.0,1.0,29.0,324.0,0.835694,0.963636,11.172414,66.7349,Fresh,0.9294,0.0575,0.0131,v1.1,usb
130,2026-08-26T11:06:13.954561,tomato,10023,,2.0,6.0,0.0,1.0,29.0,324.0,0.835694,0.963636,11.172414,66.7349,Fresh,0.9294,0.0575,0.0131,v1.1,usb
131,2026-08-26T11:06:13.989323,tomato,10024,,2.0,6.0,0.0,1.0,29.0,324.0,0.835694,0.963636,11.172414,66.7349,Fresh,0.9294,0.0575,0.0131,v1.1,usb
132,2026-08-26T11:06:15.402230,tomato,10025,,2.0,8.0,0.0,1.0,28.0,318.0,0.83815,0.95092,11.357143,66.8366,Fresh,0.9476,0.0413,0.0111,v1.1,usb
133,2026-08-26T11:06:16.890475,tomato,10026,,3.0,8.0,0.0,1.0,28.0,321.0,0.839542,0.951368,11.464286,67.2458,Fresh,0.9451,0.0435,0.0114,v1.1,usb
134,2026-08-26T11:06:18.397917,tomato,10027,,2.0,7.0,0.0,1.0,28.0,321.0,0.839542,0.957317,11.464286,67.2458,Fresh,0.9451,0.0435,0.0114,v1.1,usb
135,2026-08-26T11:06:19.885888,tomato,10028,,4.0,7.0,1.0,1.0,29.0,325.0,0.836158,0.957831,11.206897,66.9755,Fresh,0.9277,0.0588,0.0136,v1.1,usb
136,2026-08-26T11:06:20.036988,tomato,10029,1,2.0,6.0,0.0,1.0,29.0,324.0,0.835694,0.963636,11.172414,66.7349,Fresh,0.9294,0.0575,0.0131,v1.1,usb
137,2026-08-26T11:06:20.081451,tomato,10030,2,2.0,8.0,0.0,1.0,28.0,318.0,0.83815,0.95092,11.357143,66.8366,Fresh,0.9476,0.0413,0.0111,v1.1,usb
138,2026-08-26T11:06:20.114988,tomato,10031,3,3.0,8.0,0.0,1.0,28.0,321.0,0.839542,0.951368,11.464286,67.2458,Fresh,0.9451,0.0435,0.0114,v1.1,usb
139,2026-08-26T11:06:20.153358,tomato,10032,4,2.0,7.0,0.0,1.0,28.0,321.0,0.839542,0.957317,11.464286,67.2458,Fresh,0.9451,0.0435,0.0114,v1.1,usb
140,2026-08-26T11:06:20.188650,tomato,10033,5,4.0,7.0,1.0,1.0,29.0,325.0,0.836158,0.957831,11.206897,66.9755,Fresh,0.9277,0.0588,0.0136,v1.1,usb
141,2026-08-26T11:08:08.015536,tomato,10034,,4.0,12.0,1.0,1.0,45.0,398.0,0.79684,0.941463,8.844444,67.936,Fresh,0.9001,0.0866,0.0134,v1.1,usb
142,2026-08-26T11:08:08.049104,tomato,10035,,4.0,12.0,1.0,1.0,45.0,398.0,0.79684,0.941463,8.844444,67.936,Fresh,0.9001,0.0866,0.0134,v1.1,usb
143,2026-08-26T11:08:08.082906,tomato,10036,,4.0,12.0,1.0,1.0,45.0,398.0,0.79684,0.941463,8.844444,67.936,Fresh,0.9001,0.0866,0.0134,v1.1,usb
144,2026-08-26T11:08:09.511584,tomato,10037,,4.0,13.0,0.0,1.0,45.0,403.0,0.799107,0.9375,8.955556,68.1742,Fresh,0.8996,0.087,0.0134,v1.1,usb
145,2026-08-26T11:08:11.009678,tomato,10038,,4.0,14.0,1.0,2.0,47.0,406.0,0.792494,0.933333,8.638298,67.6273,Fresh,0.8932,0.0928,0.014,v1.1,usb
146,2026-08-26T11:08:12.497042,tomato,10039,,4.0,13.0,0.0,1.0,48.0,407.0,0.789011,0.938095,8.479167,67.8841,Fresh,0.8961,0.0897,0.0142,v1.1,usb
147,2026-08-26T11:08:14.007256,tomato,10040,,5.0,13.0,1.0,1.0,47.0,403.0,0.791111,0.9375,8.574468,67.6585,Fresh,0.8952,0.091,0.0138,v1.1,usb
148,2026-08-26T11:08:14.149784,tomato,10041,1,4.0,12.0,1.0,1.0,45.0,398.0,0.79684,0.941463,8.844444,67.936,Fresh,0.9001,0.0866,0.0134,v1.1,usb
149,2026-08-26T11:08:14.195775,tomato,10042,2,4.0,13.0,0.0,1.0,45.0,403.0,0.799107,0.9375,8.955556,68.1742,Fresh,0.8996,0.087,0.0134,v1.1,usb
150,2026-08-26T11:08:14.232762,tomato,10043,3,4.0,14.0,1.0,2.0,47.0,406.0,0.792494,0.933333,8.638298,67.6273,Fresh,0.8932,0.0928,0.014,v1.1,usb
151,2026-08-26T11:08:14.269591,tomato,10044,4,4.0,13.0,0.0,1.0,48.0,407.0,0.789011,0.938095,8.479167,67.8841,Fresh,0.8961,0.0897,0.0142,v1.1,usb
152,2026-08-26T11:08:14.307006,tomato,10045,5,5.0,13.0,1.0,1.0,47.0,403.0,0.791111,0.9375,8.574468,67.6585,Fresh,0.8952,0.091,0.0138,v1.1,usb
153,2026-08-26T11:14:40.603220,tomato,10046,,2.0,7.0,1.0,1.0,20.0,285.0,0.868852,0.952055,14.25,68.9711,Fresh,0.9656,0.025,0.0093,v1.1,usb
154,2026-08-26T11:14:40.645544,tomato,10047,,2.0,7.0,1.0,1.0,20.0,285.0,0.868852,0.952055,14.25,68.9711,Fresh,0.9656,0.025,0.0093,v1.1,usb
155,2026-08-26T11:14:40.680364,tomato,10048,,2.0,7.0,1.0,1.0,20.0,285.0,0.868852,0.952055,14.25,68.9711,Fresh,0.9656,0.025,0.0093,v1.1,usb
156,2026-08-26T11:14:42.093754,tomato,10049,,3.0,7.0,0.0,1.0,21.0,291.0,0.865385,0.95302,13.857143,67.9724,Fresh,0.9646,0.0258,0.0096,v1.1,usb
157,2026-08-26T11:14:43.591197,tomato,10050,,2.0,8.0,0.0,1.0,21.0,292.0,0.865815,0.946667,13.904762,67.9724,Fresh,0.9646,0.0258,0.0096,v1.1,usb
158,2026-08-26T11:14:45.091417,tomato,10051,,2.0,7.0,0.0,1.0,20.0,285.0,0.868852,0.952055,14.25,68.9711,Fresh,0.9656,0.025,0.0093,v1.1,usb
159,2026-08-26T11:14:46.575968,tomato,10052,,2.0,7.0,0.0,1.0,20.0,282.0,0.86755,0.951557,14.1,68.9641,Fresh,0.9656,0.025,0.0093,v1.1,usb
160,2026-08-26T11:14:46.731621,tomato,10053,1,2.0,7.0,1.0,1.0,20.0,285.0,0.868852,0.952055,14.25,68.9711,Fresh,0.9656,0.025,0.0093,v1.1,usb
161,2026-08-26T11:14:46.775579,tomato,10054,2,3.0,7.0,0.0,1.0,21.0,291.0,0.865385,0.95302,13.857143,67.9724,Fresh,0.9646,0.0258,0.0096,v1.1,usb
162,2026-08-26T11:14:46.812095,tomato,10055,3,2.0,8.0,0.0,1.0,21.0,292.0,0.865815,0.946667,13.904762,67.9724,Fresh,0.9646,0.0258,0.0096,v1.1,usb
163,2026-08-26T11:14:46.845336,tomato,10056,4,2.0,7.0,0.0,1.0,20.0,285.0,0.868852,0.952055,14.25,68.9711,Fresh,0.9656,0.025,0.0093,v1.1,usb
164,2026-08-26T11:14:46.882784,tomato,10057,5,2.0,7.0,0.0,1.0,20.0,282.0,0.86755,0.951557,14.1,68.9641,Fresh,0.9656,0.025,0.0093,v1.1,usb
165,2026-08-26T11:32:53.462727,tomato,10058,,2.0,6.0,1.0,1.0,20.0,257.0,0.855596,0.954373,12.85,65.489,Fresh,0.9625,0.0277,0.0098,v1.1,usb
166,2026-08-26T11:32:54.953163,tomato,10059,,2.0,6.0,0.0,1.0,20.0,257.0,0.855596,0.954373,12.85,65.489,Fresh,0.9625,0.0277,0.0098,v1.1,usb
167,2026-08-26T11:32:56.454270,tomato,10060,,3.0,6.0,0.0,1.0,19.0,257.0,0.862319,0.954373,13.526316,66.3892,Fresh,0.9636,0.0266,0.0098,v1.1,usb
168,2026-08-26T11:32:57.958183,tomato,10061,,3.0,6.0,0.0,1.0,19.0,253.0,0.860294,0.953668,13.315789,66.3303,Fresh,0.9617,0.0284,0.0098,v1.1,usb
169,2026-08-26T11:32:59.440872,tomato,10062,,3.0,6.0,0.0,1.0,19.0,255.0,0.861314,0.954023,13.421053,66.3303,Fresh,0.9617,0.0284,0.0098,v1.1,usb
170,2026-08-26T11:32:59.609677,tomato,10063,1,2.0,6.0,1.0,1.0,20.0,257.0,0.855596,0.954373,12.85,65.489,Fresh,0.9625,0.0277,0.0098,v1.1,usb
171,2026-08-26T11:32:59.665210,tomato,10064,2,2.0,6.0,0.0,1.0,20.0,257.0,0.855596,0.954373,12.85,65.489,Fresh,0.9625,0.0277,0.0098,v1.1,usb
172,2026-08-26T11:32:59.703457,tomato,10065,3,3.0,6.0,0.0,1.0,19.0,257.0,0.862319,0.954373,13.526316,66.3892,Fresh,0.9636,0.0266,0.0098,v1.1,usb
173,2026-08-26T11:32:59.740417,tomato,10066,4,3.0,6.0,0.0,1.0,19.0,253.0,0.860294,0.953668,13.315789,66.3303,Fresh,0.9617,0.0284,0.0098,v1.1,usb
174,2026-08-26T11:32:59.778373,tomato,10067,5,3.0,6.0,0.0,1.0,19.0,255.0,0.861314,0.954023,13.421053,66.3303,Fresh,0.9617,0.0284,0.0098,v1.1,usb
175,2026-09-23T10:00:44.317819,tomato,10068,,45.0,65.0,55.0,40.0,25.0,88.0,0.557522,0.150327,3.52,38.7356,Aging,0.2312,0.6485,0.1203,tomato_v1.1,manual
176,2026-09-23T10:00:44.492668,carrot,10069,,45.0,65.0,55.0,40.0,25.0,88.0,0.557522,0.150327,3.52,13.8605,Spoiling,0.0034,0.0062,0.9904,carrot_v1.0,manual
177,2026-09-23T10:00:44.708485,brinjal,10070,,45.0,65.0,55.0,40.0,25.0,88.0,0.557522,0.150327,3.52,11.0554,Spoiling,0.0,0.0,1.0,brinjal_v1.0,manual
178,2026-09-23T10:00:44.822265,green_brinjal,10071,,45.0,65.0,55.0,40.0,25.0,88.0,0.557522,0.150327,3.52,23.5655,Spoiling,0.1075,0.1193,0.7733,green_brinjal_v1.0,manual
179,2026-09-23T10:00:44.918546,beetroot,10072,,45.0,65.0,55.0,40.0,25.0,88.0,0.557522,0.150327,3.52,18.4621,Spoiling,0.0175,0.0028,0.9797,beetroot_v1.0,manual
180,2026-09-23T10:00:45.098691,bitter_gourd,10073,,45.0,65.0,55.0,40.0,25.0,88.0,0.557522,0.150327,3.52,47.3279,Aging,0.0004,0.9974,0.0022,bitter_gourd_v1.0,manual
181,2026-09-23T10:01:33.257011,tomato,10074,,45.0,65.0,55.0,40.0,25.0,88.0,0.557522,0.150327,3.52,38.7356,Aging,0.2312,0.6485,0.1203,tomato_v1.1,manual
182,2026-09-23T10:01:33.354323,carrot,10075,,45.0,65.0,55.0,40.0,25.0,88.0,0.557522,0.150327,3.52,13.8605,Spoiling,0.0034,0.0062,0.9904,carrot_v1.0,manual
183,2026-09-23T10:01:33.578640,brinjal,10076,,45.0,65.0,55.0,40.0,25.0,88.0,0.557522,0.150327,3.52,11.0554,Spoiling,0.0,0.0,1.0,brinjal_v1.0,manual
184,2026-09-23T10:01:34.069227,green_brinjal,10077,,45.0,65.0,55.0,40.0,25.0,88.0,0.557522,0.150327,3.52,23.5655,Spoiling,0.1075,0.1193,0.7733,green_brinjal_v1.0,manual
185,2026-09-23T10:01:34.177583,beetroot,10078,,45.0,65.0,55.0,40.0,25.0,88.0,0.557522,0.150327,3.52,18.4621,Spoiling,0.0175,0.0028,0.9797,beetroot_v1.0,manual
186,2026-09-23T10:01:34.364200,bitter_gourd,10079,,45.0,65.0,55.0,40.0,25.0,88.0,0.557522,0.150327,3.52,47.3279,Aging,0.0004,0.9974,0.0022,bitter_gourd_v1.0,manual
187,2026-09-23T10:01:53.970559,tomato,10080,,45.0,65.0,55.0,40.0,25.0,88.0,0.557522,0.150327,3.52,38.7356,Aging,0.2312,0.6485,0.1203,tomato_v1.1,manual
188,2026-09-23T10:01:54.220583,carrot,10081,,45.0,65.0,55.0,40.0,25.0,88.0,0.557522,0.150327,3.52,13.8605,Spoiling,0.0034,0.0062,0.9904,carrot_v1.0,manual
189,2026-09-23T10:01:54.454796,brinjal,10082,,45.0,65.0,55.0,40.0,25.0,88.0,0.557522,0.150327,3.52,11.0554,Spoiling,0.0,0.0,1.0,brinjal_v1.0,manual
190,2026-09-23T10:01:54.551242,green_brinjal,10083,,45.0,65.0,55.0,40.0,25.0,88.0,0.557522,0.150327,3.52,23.5655,Spoiling,0.1075,0.1193,0.7733,green_brinjal_v1.0,manual
191,2026-09-23T10:01:54.939999,beetroot,10084,,45.0,65.0,55.0,40.0,25.0,88.0,0.557522,0.150327,3.52,18.4621,Spoiling,0.0175,0.0028,0.9797,beetroot_v1.0,manual
192,2026-09-23T10:01:55.194865,bitter_gourd,10085,,45.0,65.0,55.0,40.0,25.0,88.0,0.557522,0.150327,3.52,47.3279,Aging,0.0004,0.9974,0.0022,bitter_gourd_v1.0,manual
193,2026-09-23T10:26:59.582894,brinjal,10086,1,150.0,57.0,63.0,80.0,62.0,94.0,0.205128,0.245033,1.516129,11.9814,Spoiling,0.0,0.0,0.9999,brinjal_v1.0,manual
194,2026-09-23T10:27:07.932338,brinjal,10087,1,30.0,57.0,63.0,80.0,62.0,94.0,0.205128,0.245033,1.516129,6.7417,Spoiling,0.0,0.0,1.0,brinjal_v1.0,manual
195,2026-09-23T10:27:28.549535,brinjal,10088,1,30.0,105.0,81.0,99.0,97.0,49.0,-0.328767,-0.363636,0.505155,6.7417,Spoiling,0.0,0.0,1.0,brinjal_v1.0,manual
196,2026-09-23T10:27:31.151223,brinjal,10089,1,30.0,105.0,81.0,99.0,97.0,49.0,-0.328767,-0.363636,0.505155,6.7417,Spoiling,0.0,0.0,1.0,brinjal_v1.0,manual
197,2026-09-23T10:27:34.623824,brinjal,10090,1,30.0,105.0,81.0,99.0,97.0,264.0,0.462604,0.430894,2.721649,6.836,Spoiling,0.0,0.0,1.0,brinjal_v1.0,manual
198,2026-09-23T10:27:40.179403,brinjal,10091,1,304.0,105.0,81.0,99.0,97.0,264.0,0.462604,0.430894,2.721649,12.0758,Spoiling,0.0,0.0,0.9999,brinjal_v1.0,manual
199,2026-09-23T10:27:45.020638,brinjal,10092,1,570.0,105.0,81.0,99.0,97.0,264.0,0.462604,0.430894,2.721649,12.0758,Spoiling,0.0,0.0,0.9999,brinjal_v1.0,manual
200,2026-09-23T10:27:47.012462,brinjal,10093,1,570.0,105.0,81.0,99.0,97.0,264.0,0.462604,0.430894,2.721649,12.0758,Spoiling,0.0,0.0,0.9999,brinjal_v1.0,manual
201,2026-09-23T10:27:54.782491,brinjal,10094,1,570.0,465.5,81.0,99.0,97.0,264.0,0.462604,-0.276217,2.721649,12.0758,Spoiling,0.0,0.0,0.9999,brinjal_v1.0,manual
202,2026-09-23T10:28:02.790805,brinjal,10095,1,570.0,465.5,270.0,99.0,97.0,264.0,0.462604,-0.276217,2.721649,12.0758,Spoiling,0.0,0.0,0.9999,brinjal_v1.0,manual
203,2026-09-23T10:28:04.406277,brinjal,10096,1,570.0,465.5,270.0,99.0,97.0,264.0,0.462604,-0.276217,2.721649,12.0758,Spoiling,0.0,0.0,0.9999,brinjal_v1.0,manual
204,2026-09-23T10:28:09.620649,brinjal,10097,1,570.0,465.5,408.0,99.0,97.0,264.0,0.462604,-0.276217,2.721649,12.0758,Spoiling,0.0,0.0,0.9999,brinjal_v1.0,manual
205,2026-09-23T10:28:10.876149,brinjal,10098,1,570.0,465.5,408.0,99.0,97.0,264.0,0.462604,-0.276217,2.721649,12.0758,Spoiling,0.0,0.0,0.9999,brinjal_v1.0,manual
206,2026-09-23T10:28:13.319885,brinjal,10099,1,570.0,465.5,408.0,99.0,97.0,264.0,0.462604,-0.276217,2.721649,12.0758,Spoiling,0.0,0.0,0.9999,brinjal_v1.0,manual
207,2026-09-23T10:28:24.302531,green_brinjal,10100,1,570.0,465.5,408.0,99.0,97.0,264.0,0.462604,-0.276217,2.721649,0.0,Spoiling,0.0023,0.0125,0.9852,green_brinjal_v1.0,manual
208,2026-09-23T10:28:37.222363,green_brinjal,10101,1,137.0,180.5,408.0,99.0,97.0,264.0,0.462604,0.187852,2.721649,0.0,Spoiling,0.0023,0.0125,0.9852,green_brinjal_v1.0,manual
209,2026-09-23T10:34:10.619292,carrot,10102,1,137.0,180.5,400.0,99.0,97.0,264.0,0.462604,0.187852,2.721649,0.0,Aging,0.0723,0.5512,0.3765,carrot_v1.0,manual
210,2026-09-23T10:34:55.696887,brinjal,10102,1,137.0,180.5,400.0,99.0,97.0,264.0,0.462604,0.187852,2.721649,12.0758,Spoiling,0.0,0.0,0.9999,brinjal_v1.0,manual
211,2026-09-23T10:39:06.079139,beetroot,10102,1,137.0,180.5,400.0,99.0,97.0,264.0,0.462604,0.187852,2.721649,0.0,Spoiling,0.0007,0.0064,0.9929,beetroot_v1.0,manual
212,2026-09-23T10:39:11.840868,bitter_gourd,10102,1,137.0,180.5,400.0,99.0,97.0,264.0,0.462604,0.187852,2.721649,0.0,Spoiling,0.0033,0.0069,0.9898,bitter_gourd_v1.0,manual
213,2026-09-23T10:39:40.294920,tomato,10103,1,120.0,170.0,350.0,95.0,90.0,250.0,0.470588,0.190476,2.777778,0.0,Aging,0.0583,0.5653,0.3764,tomato_v1.1,manual
214,2026-09-23T10:39:40.355777,carrot,10103,1,120.0,170.0,350.0,95.0,90.0,250.0,0.470588,0.190476,2.777778,0.0,Spoiling,0.0828,0.2421,0.6751,carrot_v1.0,manual
215,2026-09-23T10:39:40.443669,brinjal,10103,1,120.0,170.0,350.0,95.0,90.0,250.0,0.470588,0.190476,2.777778,12.0758,Spoiling,0.0,0.0,0.9999,brinjal_v1.0,manual
216,2026-09-23T10:39:40.506222,green_brinjal,10103,1,120.0,170.0,350.0,95.0,90.0,250.0,0.470588,0.190476,2.777778,0.0,Spoiling,0.0023,0.0125,0.9852,green_brinjal_v1.0,manual
217,2026-09-23T10:39:40.565823,beetroot,10103,1,120.0,170.0,350.0,95.0,90.0,250.0,0.470588,0.190476,2.777778,0.0,Spoiling,0.0006,0.0063,0.993,beetroot_v1.0,manual
218,2026-09-23T10:39:40.626756,bitter_gourd,10103,1,120.0,170.0,350.0,95.0,90.0,250.0,0.470588,0.190476,2.777778,0.0,Spoiling,0.0035,0.0067,0.9898,bitter_gourd_v1.0,manual
219,2026-09-23T10:40:04.042136,tomato,10104,,45.0,65.0,55.0,40.0,25.0,88.0,0.557522,0.150327,3.52,38.7356,Aging,0.2312,0.6485,0.1203,tomato_v1.1,manual
220,2026-09-23T10:40:04.133819,carrot,10105,,45.0,65.0,55.0,40.0,25.0,88.0,0.557522,0.150327,3.52,13.8605,Spoiling,0.0034,0.0062,0.9904,carrot_v1.0,manual
221,2026-09-23T10:40:04.310708,brinjal,10106,,45.0,65.0,55.0,40.0,25.0,88.0,0.557522,0.150327,3.52,11.0554,Spoiling,0.0,0.0,1.0,brinjal_v1.0,manual
222,2026-09-23T10:40:04.400320,green_brinjal,10107,,45.0,65.0,55.0,40.0,25.0,88.0,0.557522,0.150327,3.52,23.5655,Spoiling,0.1075,0.1193,0.7733,green_brinjal_v1.0,manual
223,2026-09-23T10:40:04.478356,beetroot,10108,,45.0,65.0,55.0,40.0,25.0,88.0,0.557522,0.150327,3.52,13.9954,Spoiling,0.0113,0.0875,0.9013,beetroot_v1.0,manual
224,2026-09-23T10:40:04.572195,bitter_gourd,10109,,45.0,65.0,55.0,40.0,25.0,88.0,0.557522,0.150327,3.52,49.6148,Aging,0.0052,0.9175,0.0773,bitter_gourd_v1.0,manual
225,2026-09-23T11:04:47.132211,beetroot,10102,1,137.0,180.5,408.0,99.0,97.0,264.0,0.462604,0.187852,2.721649,0.0,Spoiling,0.0007,0.0064,0.9929,beetroot_v1.0,manual
226,2026-09-23T11:04:51.604370,beetroot,10110,1,137.0,180.5,408.0,99.0,22.0,264.0,0.846154,0.187852,12.0,0.0,Aging,0.2149,0.7311,0.054,beetroot_v1.0,manual
227,2026-09-23T11:05:01.956934,beetroot,10111,1,137.0,180.5,408.0,99.0,312.0,150.0,-0.350649,-0.092284,0.480769,0.0,Spoiling,0.0006,0.0055,0.9939,beetroot_v1.0,manual
228,2026-09-23T11:05:07.203794,beetroot,10112,1,137.0,180.5,408.0,99.0,312.0,350.5,0.058113,0.320151,1.123397,0.0,Spoiling,0.0007,0.01,0.9892,beetroot_v1.0,manual
229,2026-09-23T11:05:12.356126,beetroot,10113,1,137.0,180.5,408.0,99.0,312.0,10.0,-0.937888,-0.895013,0.032051,0.0,Spoiling,0.0006,0.0055,0.9939,beetroot_v1.0,manual
230,2026-09-23T11:05:27.464221,beetroot,10114,1,137.0,180.5,408.0,99.0,312.0,54.0,-0.704918,-0.539446,0.173077,0.0,Spoiling,0.0006,0.0055,0.9939,beetroot_v1.0,manual
231,2026-09-23T11:05:31.512064,beetroot,10115,1,137.0,180.5,408.0,99.0,312.0,268.5,-0.074935,0.195991,0.860577,0.0,Spoiling,0.0006,0.0062,0.9931,beetroot_v1.0,manual
232,2026-09-23T11:05:33.965928,beetroot,10116,1,137.0,180.5,408.0,99.0,312.0,268.5,-0.074935,0.195991,0.860577,0.0,Spoiling,0.0006,0.0062,0.9931,beetroot_v1.0,manual
233,2026-09-23T11:05:37.526539,beetroot,10117,1,137.0,180.5,408.0,99.0,312.0,437.0,0.166889,0.415385,1.400641,0.0,Spoiling,0.0018,0.02,0.9782,beetroot_v1.0,manual
234,2026-09-23T11:05:57.174390,beetroot,10118,1,137.0,180.5,103.5,99.0,99.0,437.0,0.630597,0.415385,4.414141,0.0,Spoiling,0.0018,0.02,0.9782,beetroot_v1.0,manual
235,2026-09-23T11:06:02.440774,beetroot,10119,1,137.0,180.5,103.5,99.0,99.0,193.5,0.323077,0.034759,1.954545,0.0,Spoiling,0.0006,0.0055,0.9939,beetroot_v1.0,manual
